first_name,last_name,email,company,job_title,company_size,need,timeline
Dana,Whitfield,dana.whitfield@amplitude.com,Amplitude,VP Sales,501-1000,"New reps take 6+ months to ramp and messaging is inconsistent across the team. Need something live before our Q1 kickoff.",0-3 months
Marcus,Lee,marcus.lee@braze.com,Braze,Director of Sales Enablement,1001-5000,"Evaluating options to replace our current enablement content platform. Renewal is in four months.",3-6 months
Priya,Nair,priya.nair.consults@gmail.com,Freelance,Consultant,1-50,"Just researching tools for a client project.",Just researching
Tom,Becker,tbecker@hooliapps.io,Hooli Apps,Chief Revenue Officer,201-500,"We are hiring 20 AEs this year and need to cut ramp time in half.",0-3 months
Alicia,Gomez,agomez@pendo.io,Pendo,Marketing Coordinator,501-1000,"Downloading the rep ramp benchmark report.",Just researching
Kevin,O'Brien,kevin@brightpathdental.com,Brightpath Dental,Office Manager,1-50,"Looking for training software for our front desk staff.",3-6 months
Sarah,Kim,skim@gainsight.com,Gainsight,VP Revenue Operations,1001-5000,"Pipeline coverage is under 3x and win rates dropped 8 points. Want to see how you tie enablement to deal outcomes.",0-3 months
Jordan,Patel,jordan.patel@highspot.com,Highspot,Product Marketing Manager,1001-5000,"Comparing your feature set to ours.",Just researching
Elena,Rossi,elena.rossi@quantaflow.ai,QuantaFlow,Head of Demand Generation,51-200,"Our SDR team of 8 keeps missing quota. Looking for help with messaging consistency.",3-6 months
Ben,Carter,ben.carter2004@yahoo.com,,Student,,"Writing a research paper on sales technology.",Just researching
